id	name	img	fb	src	srcdesc	size
KR-MER-0055	鬼龍紅郎(新ビジュアル) アクリルスタンド[紅月] 「あんさんぶるスターズ!!」		https://pattythree-shop-product.jp/cdn/shop/files/1_f481980a-89df-4f2d-a07e-6d7dc6a4c2f4.jpg?v=1736401817&width=1946	https://pattythree-shop-product.jp/cdn/shop/files/1_f481980a-89df-4f2d-a07e-6d7dc6a4c2f4.jpg?v=1736401817&width=1946	pattythree公式鬼龍紅郎角色商品图＋駿河屋精确商品档案	
KR-MER-0056	鬼龍紅郎 アクリルスタンド -Superbloom- ＜Day.1＞ 「あんさんぶるスターズ!! Cast Live Starry Symphony 4th -Superbloom-」		https://pattythree-shop-product.jp/cdn/shop/files/1_cf72265f-e8fb-4416-a7d4-39d290a13329.png?v=1765851735&width=1946	https://pattythree-shop-product.jp/cdn/shop/files/1_cf72265f-e8fb-4416-a7d4-39d290a13329.png?v=1765851735&width=1946	pattythree官方鬼龍紅郎商品CG	
KR-MER-0105	鬼龍紅郎 「あんさんぶるスターズ!! P.A.shots!! Vol.3 Private」	assets/images/KR-MER-0105.webp		https://pattythree-shop-product.jp/products/pt-000090s	pattythree官方阵容图裁切	(238, 336)
KR-MER-0116	鬼龍紅郎 「あんさんぶるスターズ!! gracolle P.A.shots!! ES 10th Anniversary」	assets/images/KR-MER-0116.webp		https://pattythree-shop-product.jp/products/pt-003152s	pattythree官方阵容图裁切＋二级实物交叉验真	(255, 360)
KR-MER-0121	鬼龍紅郎 ななめ/アクスタ vol.1 「あんさんぶるスターズ!!」	assets/images/KR-MER-0121.webp	https://tc-animate.techorus-cdn.com/resize_image/resize_image.php?image=02091317_63e473db0ea91.jpg	https://tc-animate.techorus-cdn.com/resize_image/resize_image.php?image=02091317_63e473db0ea91.jpg	Animate鬼龍紅郎精确角色商品官方主图	(800, 800)
KR-MER-0238	鬼龍紅郎 アクリルスタンド 「あんさんぶるスターズ!」 夢ノ咲学院購買部限定	assets/images/KR-MER-0238.webp		https://a-onstore.jp/item/item-1000216112/	A-on STORE官方角色商品图＋駿河屋角色商品档案	(360, 512)
KR-MER-0358	鬼龍紅郎 カスタムアイドル チャーム ミニキャラ 「あんさんぶるスターズ!! 10周年展示会 Bright me up!!」		https://pattythree-shop-product.jp/cdn/shop/files/1_5e0eff13-99a4-4864-b8c0-16bd2e6b73f9.jpg?v=1779782554&width=1445	https://pattythree-shop-product.jp/cdn/shop/files/1_5e0eff13-99a4-4864-b8c0-16bd2e6b73f9.jpg?v=1779782554&width=1445	pattythree官方鬼龍紅郎商品CG＋駿河屋角色档案	
KR-MER-0384	鬼龍紅郎 フレフレスケルトンうちわDX 「あんさんぶるスターズ!!」	assets/images/KR-MER-0384.webp	https://img.amiami.jp/images/product/main/224/GOODS-04288549.jpg	https://img.amiami.jp/images/product/main/224/GOODS-04288549.jpg	AmiAmi/amie鬼龍紅郎独立官方商品主图	(600, 600)
KR-MER-0385	鬼龍紅郎 フレフレスケルトンうちわDX～ブラック☆ラメ～ 「あんさんぶるスターズ!!」	assets/images/KR-MER-0385.webp	https://img.amiami.jp/images/product/main/244/GOODS-04536697.jpg	https://img.amiami.jp/images/product/main/244/GOODS-04536697.jpg	AmiAmi/amie鬼龍紅郎独立官方商品主图	(600, 600)
KR-MER-0388	鬼龍紅郎 クリアポーチ 「あんさんぶるスターズ!!」		https://www.enskyshop.com/html/upload/save_image/0325154629_69c384c5482ad.jpg	https://www.enskyshop.com/html/upload/save_image/0325154629_69c384c5482ad.jpg	エンスカイショップ鬼龍紅郎官方商品CG	
KR-MER-0390	鬼龍紅郎 ハート型スライドミラー 「あんさんぶるスターズ!! 追憶セレクション『クロスロード』」	assets/images/KR-MER-0390.webp		https://www.hobbystock.jp/item/view/hso-ccg-00015248	Crossroad封口图片工程	(800, 800)
KR-MER-0448	鬼龍紅郎 「あんさんぶるスターズ!! フレフレスケルトンうちわmini vol.4」	assets/images/KR-MER-0448.webp	https://img.amiami.jp/images/product/review/244/GOODS-04536725_07.jpg	https://img.amiami.jp/images/product/review/244/GOODS-04536725_07.jpg	AmiAmi官方鬼龍紅郎独立商品图	(800, 800)
KR-MER-0449	あんさんぶるスターズ!! ステラフォトsparkle Vol.2-B 10.鬼龍紅郎	assets/images/KR-MER-0449.webp	https://img.amiami.jp/images/product/main/262/GOODS-04811454.jpg	https://img.amiami.jp/images/product/main/262/GOODS-04811454.jpg	AmiAmi/amie鬼龍紅郎独立官方预约商品主图	(600, 600)
KR-MER-0461	鬼龍紅郎 つままれキーホルダー 「あんさんぶるスターズ!」	assets/images/KR-MER-0461.webp	https://img.amiami.jp/images/product/main/201/GOODS-00368112.jpg	https://img.amiami.jp/images/product/main/201/GOODS-00368112.jpg	AmiAmi/amie鬼龍紅郎独立商品主图	(600, 600)
KR-MER-0462	鬼龍紅郎 「あんさんぶるスターズ! 着ぐるみバッジ 第五弾」		https://img.amiami.jp/images/product/review/164/GOODS-00127968_11.jpg	https://img.amiami.jp/images/product/review/164/GOODS-00127968_11.jpg	AmiAmi官方角色商品图（review gallery）	
KR-MER-0463	鬼龍紅郎 「あんさんぶるスターズ! スマイルすうぃんぐバッジ 第二弾」		https://img.amiami.jp/images/product/review/171/GOODS-00142724_11.jpg	https://img.amiami.jp/images/product/review/171/GOODS-00142724_11.jpg	AmiAmi官方review gallery・鬼龍紅郎角色高清图	
KR-MER-0464	鬼龍紅郎 つままれストラップ 「あんさんぶるスターズ!」	assets/images/KR-MER-0464.webp	https://img.amiami.jp/images/product/main/201/GOODS-00368102.jpg	https://img.amiami.jp/images/product/main/201/GOODS-00368102.jpg	AmiAmi/amie鬼龍紅郎独立商品主图	(600, 600)
KR-MER-0471	『あんさんぶるスターズ!!』ライブボディーシール 17.鬼龍紅郎		https://img.amiami.jp/images/product/main/203/GOODS-00398408.jpg	https://img.amiami.jp/images/product/main/203/GOODS-00398408.jpg	AmiAmi角色精确页官方主图	
KR-MER-0472	あんさんぶるスターズ! 立体ネームアクキー 鬼龍紅郎		https://img.amiami.jp/images/product/main/181/GOODS-00216393.jpg	https://img.amiami.jp/images/product/main/181/GOODS-00216393.jpg	AmiAmi官方鬼龍紅郎角色商品图	
KR-MER-0473	『あんさんぶるスターズ!!』ステラフォトsparkle 39.鬼龍紅郎	assets/images/KR-MER-0473.webp	https://img.amiami.jp/images/product/main/244/GOODS-04561557.jpg	https://img.amiami.jp/images/product/main/244/GOODS-04561557.jpg	AmiAmi/amie鬼龍紅郎独立官方商品主图	(600, 600)
KR-MER-0475	鬼龍紅郎 チャーム付きシャイニーブレスレット 「あんさんぶるスターズ!」		https://img.amiami.jp/images/product/main/153/GOODS-00041998.jpg	https://img.amiami.jp/images/product/main/153/GOODS-00041998.jpg	AmiAmi官方鬼龍紅郎完整商品CG	
KR-MER-0477	着ぐるみメモ 鬼龍紅郎 「あんさんぶるスターズ!」	assets/images/KR-MER-0477.webp	https://img.amiami.jp/images/product/main/161/GOODS-00071398.jpg	https://img.amiami.jp/images/product/main/161/GOODS-00071398.jpg	AmiAmi/amie鬼龍紅郎独立官方商品主图	(600, 600)
KR-MER-0478	あんさんぶるスターズ!! フレフレスケルトンうちわ 39.鬼龍紅郎		https://img.amiami.jp/images/product/main/211/GOODS-04094059.jpg	https://img.amiami.jp/images/product/main/211/GOODS-04094059.jpg	AmiAmi角色单品官方主图	
KR-MER-0479	鬼龍紅郎 「あんさんぶるスターズ!! おなまえアクリルバッジぷち Vol.4」		https://img.amiami.jp/images/product/review/214/GOODS-04185430_06.jpg	https://img.amiami.jp/images/product/review/214/GOODS-04185430_06.jpg	AmiAmi官方角色商品图（review gallery）	
KR-MER-0480	フェルトキーホルダー 鬼龍紅郎 「あんさんぶるスターズ!」		https://img.amiami.jp/images/product/main/154/GOODS-00066789.jpg	https://img.amiami.jp/images/product/main/154/GOODS-00066789.jpg	AmiAmi角色单品商品图	
KR-MER-0481	UVミラー 鬼龍紅郎 「あんさんぶるスターズ!」		https://img.amiami.jp/images/product/main/153/GOODS-00041906.jpg	https://img.amiami.jp/images/product/main/153/GOODS-00041906.jpg	AmiAmi角色官方商品主图	
KR-MER-0482	着ぐるみメモ Summer ver. 鬼龍紅郎 「あんさんぶるスターズ!」	assets/images/KR-MER-0482.webp	https://img.amiami.jp/images/product/main/172/GOODS-00159476.jpg	https://img.amiami.jp/images/product/main/172/GOODS-00159476.jpg	AmiAmi/amie鬼龍紅郎独立官方商品主图	(600, 600)
KR-MER-0483	鬼龍紅郎 「あんさんぶるスターズ! コードホルダークリップ C」		https://img.amiami.jp/images/product/review/173/GOODS-00174800_03.jpg	https://img.amiami.jp/images/product/review/173/GOODS-00174800_03.jpg	AmiAmi官方review gallery・鬼龍紅郎角色高清图	
KR-MER-0517	鬼龍紅郎 「あんさんぶるスターズ! カプセル缶バッジコレクションvol.2」		https://bandai-a.akamaihd.net/bc/img/model/xl/1000116890_5.jpg	https://bandai-a.akamaihd.net/bc/img/model/xl/1000116890_5.jpg	BANDAIガシャポン公式鬼龍紅郎商品画像	
KR-MER-0518	鬼龍紅郎 「あんさんぶるスターズ! カプセル缶バッジコレクションvol.4」		https://bandai-a.akamaihd.net/bc/img/model/xl/1000123886_5.jpg	https://bandai-a.akamaihd.net/bc/img/model/xl/1000123886_5.jpg	BANDAIガシャポン公式鬼龍紅郎商品画像	
KR-MER-0577	鬼龍紅郎(紅月衣装ver.) クロスロード クリップキーホルダー 「あんさんぶるスターズ!! 追憶セレクション POP-UP STORE」	assets/images/KR-MER-0577.webp		https://www.animate-onlineshop.jp/sphone/pn/%E3%80%90%E3%82%B0%E3%83%83%E3%82%BA-%E3%82%AD%E3%83%BC%E3%83%9B%E3%83%AB%E3%83%80%E3%83%BC%E3%80%91%E3%81%82%E3%82%93%E3%81%95%E3%82%93%E3%81%B6%E3%82%8B%E3%82%B9%E3%82%BF%E3%83%BC%E3%82%BA%EF%BC%81%EF%BC%81%20%E8%BF%BD%E6%86%B6%E3%82%BB%E3%83%AC%E3%82%AF%E3%82%B7%E3%83%A7%E3%83%B3%E3%80%8E%E3%82%AF%E3%83%AD%E3%82%B9%E3%83%AD%E3%83%BC%E3%83%89%E3%80%8F%20%E3%82%AF%E3%83%AA%E3%83%83%E3%83%97%E3%82%AD%E3%83%BC%E3%83%9B%E3%83%AB%E3%83%80%E3%83%BC%20%E9%AC%BC%E9%BE%8D%20%E7%B4%85%E9%83%8E%28%E7%B4%85%E6%9C%88%E8%A1%A3%E8%A3%85ver.%29/pd/3083631/	Crossroad封口图片工程	(1024, 834)
KR-MER-0578	鬼龍紅郎(デッドマンズ衣装ver.) クロスロード クリップキーホルダー 「あんさんぶるスターズ!! 追憶セレクション POP-UP STORE」	assets/images/KR-MER-0578.webp		https://www.animate-onlineshop.jp/sphone/pn/%E3%80%90%E3%82%B0%E3%83%83%E3%82%BA-%E3%82%AD%E3%83%BC%E3%83%9B%E3%83%AB%E3%83%80%E3%83%BC%E3%80%91%E3%81%82%E3%82%93%E3%81%95%E3%82%93%E3%81%B6%E3%82%8B%E3%82%B9%E3%82%BF%E3%83%BC%E3%82%BA%EF%BC%81%EF%BC%81%20%E8%BF%BD%E6%86%B6%E3%82%BB%E3%83%AC%E3%82%AF%E3%82%B7%E3%83%A7%E3%83%B3%E3%80%8E%E3%82%AF%E3%83%AD%E3%82%B9%E3%83%AD%E3%83%BC%E3%83%89%E3%80%8F%20%E3%82%AF%E3%83%AA%E3%83%83%E3%83%97%E3%82%AD%E3%83%BC%E3%83%9B%E3%83%AB%E3%83%80%E3%83%BC%20%E9%AC%BC%E9%BE%8D%20%E7%B4%85%E9%83%8E%28%E3%83%87%E3%83%83%E3%83%89%E3%83%9E%E3%83%B3%E3%82%BA%E8%A1%A3%E8%A3%85ver.%29/pd/3083625/	Crossroad封口图片工程	(1024, 794)
KR-MER-0579	鬼龍紅郎(紅月衣装ver.) クロスロード アクリルキーホルダー2.5 「あんさんぶるスターズ!! 追憶セレクション POP-UP STORE」	assets/images/KR-MER-0579.webp		https://www.animate-onlineshop.jp/sphone/pn/%E3%80%90%E3%82%B0%E3%83%83%E3%82%BA-%E3%82%AD%E3%83%BC%E3%83%9B%E3%83%AB%E3%83%80%E3%83%BC%E3%80%91%E3%81%82%E3%82%93%E3%81%95%E3%82%93%E3%81%B6%E3%82%8B%E3%82%B9%E3%82%BF%E3%83%BC%E3%82%BA%EF%BC%81%EF%BC%81%20%E8%BF%BD%E6%86%B6%E3%82%BB%E3%83%AC%E3%82%AF%E3%82%B7%E3%83%A7%E3%83%B3%E3%80%8E%E3%82%AF%E3%83%AD%E3%82%B9%E3%83%AD%E3%83%BC%E3%83%89%E3%80%8F%20%E3%82%A2%E3%82%AF%E3%83%AA%E3%83%AB%E3%82%AD%E3%83%BC%E3%83%9B%E3%83%AB%E3%83%80%E3%83%BC2.5%20%E9%AC%BC%E9%BE%8D%20%E7%B4%85%E9%83%8E%28%E7%B4%85%E6%9C%88%E8%A1%A3%E8%A3%85ver.%29/pd/3083642/	Crossroad封口图片工程	(898, 1024)
KR-MER-0580	鬼龍紅郎(デッドマンズ衣装ver.) クロスロード アクリルキーホルダー2.5 「あんさんぶるスターズ!! 追憶セレクション POP-UP STORE」	assets/images/KR-MER-0580.webp		https://www.animate-onlineshop.jp/sphone/pn/%E3%80%90%E3%82%B0%E3%83%83%E3%82%BA-%E3%82%AD%E3%83%BC%E3%83%9B%E3%83%AB%E3%83%80%E3%83%BC%E3%80%91%E3%81%82%E3%82%93%E3%81%95%E3%82%93%E3%81%B6%E3%82%8B%E3%82%B9%E3%82%BF%E3%83%BC%E3%82%BA%EF%BC%81%EF%BC%81%20%E8%BF%BD%E6%86%B6%E3%82%BB%E3%83%AC%E3%82%AF%E3%82%B7%E3%83%A7%E3%83%B3%E3%80%8E%E3%82%AF%E3%83%AD%E3%82%B9%E3%83%AD%E3%83%BC%E3%83%89%E3%80%8F%20%E3%82%A2%E3%82%AF%E3%83%AA%E3%83%AB%E3%82%AD%E3%83%BC%E3%83%9B%E3%83%AB%E3%83%80%E3%83%BC2.5%20%E9%AC%BC%E9%BE%8D%20%E7%B4%85%E9%83%8E%28%E3%83%87%E3%83%83%E3%83%89%E3%83%9E%E3%83%B3%E3%82%BA%E8%A1%A3%E8%A3%85ver.%29/pd/3083636/	Crossroad封口图片工程	(861, 1024)
KR-MER-0583	鬼龍紅郎 「あんさんぶるスターズ!! 追憶セレクション『クロスロード』 ミニクリアフラットポーチ」	assets/images/KR-MER-0583.webp		https://www.hobbystock.jp/item/view/hso-ccg-00015231	Crossroad封口图片工程	(800, 800)
KR-MER-0584	鬼龍紅郎 「あんさんぶるスターズ!! 追憶セレクション『クロスロード』 ネーム＆ビジュアルクロスポスター」	assets/images/KR-MER-0584.webp		https://www.hobbystock.jp/item/view/hso-ccg-00015265	Crossroad封口图片工程	(800, 800)
KR-MER-0686	鬼龍紅郎 「あんさんぶるスターズ!! DECOPAD vol.4」		https://baseec-img-mng.akamaized.net/images/item/origin/3b1de3172ca576d1dbdb64e5ce21d61d.jpg?imformat=generic&q=90&im=Resize,width=640,type=normal	https://baseec-img-mng.akamaized.net/images/item/origin/3b1de3172ca576d1dbdb64e5ce21d61d.jpg?imformat=generic&q=90&im=Resize,width=640,type=normal	アルジャーノンプロダクト官方商品主图	
KR-MER-0689	一筆箋 紅月 「あんさんぶるスターズ!」		https://img.amiami.jp/images/product/main/153/GOODS-00041915.jpg	https://img.amiami.jp/images/product/main/153/GOODS-00041915.jpg	AmiAmi/amie 紅月官方完整商品图	
KR-MER-0690	モバイルポーチ 紅月 「あんさんぶるスターズ!」	assets/images/KR-MER-0690.webp	https://img.amiami.jp/images/product/main/153/GOODS-00041961.jpg	https://img.amiami.jp/images/product/main/153/GOODS-00041961.jpg	AmiAmi/amie紅月官方商品主图	(600, 499)
KR-MER-0691	ハードカバー一筆箋 紅月 「あんさんぶるスターズ!」		https://img.amiami.jp/images/product/main/154/GOODS-00062941.jpg	https://img.amiami.jp/images/product/main/154/GOODS-00062941.jpg	AmiAmi官方紅月完整商品图	
KR-MER-0692	ビン入りこんぺいとう 紅月 「あんさんぶるスターズ!」		https://img.amiami.jp/images/product/main/162/GOODS-00091285.jpg	https://img.amiami.jp/images/product/main/162/GOODS-00091285.jpg	AmiAmi Unit商品主图	
KR-MER-0693	スターキーホルダー 紅月 「あんさんぶるスターズ!」		https://img.amiami.jp/images/product/main/153/GOODS-00041969.jpg	https://img.amiami.jp/images/product/main/153/GOODS-00041969.jpg	AmiAmi官方完整商品图	
KR-MER-0694	着ぐるみバッジスペシャルセット G 「あんさんぶるスターズ!」		https://img.amiami.jp/images/product/review/173/GOODS-00174808_02.jpg	https://img.amiami.jp/images/product/review/173/GOODS-00174808_02.jpg	AmiAmi官方正式整套商品图（review gallery）	
KR-MER-0730	鬼龍紅郎 Ani-Art 1ポケットパスケース vol.2 「あんさんぶるスターズ!」		https://cdn.amnibus.com/upload/save_image/0413210146_5e9454aa64e84.jpg	https://cdn.amnibus.com/upload/save_image/0413210146_5e9454aa64e84.jpg	AMNIBUS官方商品主图	
KR-MER-0825	鬼龍紅郎 アイドルアクリルスタンド 10th Tour Edition 「あんさんぶるスターズ!! DREAM LIVE Tour -10th ALL STARS!!-」	assets/images/KR-MER-0825.webp	https://pattythree-shop-product.jp/cdn/shop/files/1_c73923c4-d43c-46ec-a0e2-01b1b64af481.png?v=1779848401&width=1445	https://pattythree-shop-product.jp/cdn/shop/files/1_c73923c4-d43c-46ec-a0e2-01b1b64af481.png?v=1779848401&width=1445	pattythree官方鬼龍紅郎商品变体原图	(1182, 1241)
KR-MER-0901	鬼龍紅郎 「あんさんぶるスターズ!! P.A.shots!! Vol.7 Private」	assets/images/KR-MER-0901.webp		https://pattythree-shop-product.jp/products/pt-003699s	pattythree官方阵容图裁切	(248, 351)
KR-MER-0902	鬼龍紅郎 「あんさんぶるスターズ!! P.A.shots!! Vol.7 Action」	assets/images/KR-MER-0902.webp		https://pattythree-shop-product.jp/products/pt-003700s	pattythree官方阵容图裁切	(248, 351)
KR-MER-0905	鬼龍紅郎 「あんさんぶるスターズ!! P.A.shots!! Extra -SELECTION 10 UNIT SONG-」	assets/images/KR-MER-0905.webp		https://pattythree-shop-product.jp/products/pt-003622s	pattythree官方阵容图裁切	(247, 338)
KR-MER-0910	鬼龍 紅郎 「あんさんぶるスターズ！！追憶セレクション『クロスロード』 アクリルバッジ vol.1」	assets/images/KR-MER-0910.webp		https://www.hobbystock.jp/item/view/hso-ccg-00015192	Crossroad封口图片工程	(800, 800)
KR-MER-0911	鬼龍 紅郎 「あんさんぶるスターズ！！追憶セレクション『クロスロード』 アクリルバッジ vol.2」	assets/images/KR-MER-0911.webp		https://www.hobbystock.jp/item/view/hso-ccg-00015211	Crossroad封口图片工程	(800, 800)
KR-MER-0912	鬼龍 紅郎 「あんさんぶるスターズ！！追憶セレクション『クロスロード』 お出かけスティック」	assets/images/KR-MER-0912.webp		https://www.hobbystock.jp/item/view/hso-ccg-00015175	Crossroad封口图片工程	(800, 800)
KR-MER-0953	鬼龍紅郎 Ani-Art 1ポケットパスケース 「あんさんぶるスターズ!」		https://cdn.amnibus.com/upload/save_image/1003183828_5d95c194df280.jpg	https://cdn.amnibus.com/upload/save_image/1003183828_5d95c194df280.jpg	AMNIBUS官方商品主图	
